"table_schema","table_name","ordinal_position","column_name","data_type"
"default","stg_so_exam_moet_path","1","gradebook_type_item_id","bigint"
"default","stg_so_exam_moet_path","2","parent_id","bigint"
"default","stg_so_exam_moet_path","3","gradebook_type_items_fullname","varchar"
"default","stg_so_exam_moet_path","4","level","integer"
"default","stg_so_exam_moet_path","5","path","varchar"
"default","stg_so_exam_moet_path","6","id_path","varchar"
"default","stg_so_strand_path","1","strand_id","bigint"
"default","stg_so_strand_path","2","parent_id","integer"
"default","stg_so_strand_path","3","strand_name","varchar"
"default","stg_so_strand_path","4","level","integer"
"default","stg_so_strand_path","5","path","varchar"
"default","stg_so_strand_path","6","id_path","varchar"
"default","stg_so_strand_path","7","subject_id","integer"
"default","stg_so_strand_path","8","subject_name","varchar"
"default","stg_so_students","1","id","decimal(20,0)"
"default","stg_so_students","2","code","varchar"
"s360","dim_behavior","1","id","bigint"
"s360","dim_behavior","2","code","varchar"
"s360","dim_behavior","3","name","varchar"
"s360","dim_behavior","4","group_code","varchar"
"s360","dim_behavior","5","group_name","varchar"
"s360","dim_behavior","6","point","double"
"s360","dim_behavior","7","point_min","integer"
"s360","dim_behavior","8","point_max","integer"
"s360","dim_behavior","9","is_duplicate_behavior","integer"
"s360","dim_behavior","10","count_duplicate_behavior","integer"
"s360","dim_behavior","11","scope_duplicate_behavior","integer"
"s360","dim_behavior","12","point_duplicate_behavior","double"
"s360","dim_behavior","13","is_behavior_solve","integer"
"s360","dim_behavior","14","is_apply_student","integer"
"s360","dim_behavior","15","is_apply_teacher","integer"
"s360","dim_behavior","16","is_apply_homeroom_class","integer"
"s360","dim_behavior","17","convert_behavior_id","integer"
"s360","dim_behavior","18","created_at","varchar"
"s360","dim_behavior","19","updated_at","varchar"
"s360","dim_course","1","id","bigint"
"s360","dim_course","2","so_school_id","integer"
"s360","dim_course","3","school_year_id","integer"
"s360","dim_course","4","grade_id","integer"
"s360","dim_course","5","subject_id","integer"
"s360","dim_course","6","homeroom_class_id","integer"
"s360","dim_course","7","code","varchar"
"s360","dim_course","8","name","varchar"
"s360","dim_course","9","type","varchar"
"s360","dim_course","10","max_student","integer"
"s360","dim_course","11","start_date","date"
"s360","dim_course","12","end_date","date"
"s360","dim_course","13","description","varchar"
"s360","dim_course","14","status","varchar"
"s360","dim_course","15","is_online_training","integer"
"s360","dim_course","16","is_locked","integer"
"s360","dim_course","17","is_extracurricular_activity","integer"
"s360","dim_course","18","extracurricular_activity_id","integer"
"s360","dim_course","19","el_course_id","bigint"
"s360","dim_course","20","created_at","varchar"
"s360","dim_course","21","updated_at","varchar"
"s360","dim_exam","1","id","bigint"
"s360","dim_exam","2","so_exam_id","bigint"
"s360","dim_exam","3","school_year_id","integer"
"s360","dim_exam","4","subject_id","integer"
"s360","dim_exam","5","grade_id","integer"
"s360","dim_exam","6","grade_code","varchar"
"s360","dim_exam","7","grade_name","varchar"
"s360","dim_exam","8","exam_code","varchar"
"s360","dim_exam","9","exam_name","varchar"
"s360","dim_exam","10","so_parent_exam_id","bigint"
"s360","dim_exam","11","report_type_id","integer"
"s360","dim_exam","12","report_type_code","varchar"
"s360","dim_exam","13","report_type_name","varchar"
"s360","dim_exam","14","report_type_description","varchar"
"s360","dim_exam","15","is_moet","integer"
"s360","dim_exam","16","is_upgrade","integer"
"s360","dim_exam","17","is_attainment","integer"
"s360","dim_exam","18","coefficient","decimal(10,1)"
"s360","dim_exam","19","moet_semester_index","integer"
"s360","dim_exam","20","max_grade","decimal(10,1)"
"s360","dim_exam","21","is_periodic_exam","integer"
"s360","dim_exam","22","convert_to_10","integer"
"s360","dim_exam","23","is_display_grade_book","integer"
"s360","dim_exam","24","created_at","varchar"
"s360","dim_exam","25","updated_at","varchar"
"s360","dim_exam","26","is_deleted","integer"
"s360","dim_exam_moet","1","gradebook_type_item_id","bigint"
"s360","dim_exam_moet","2","tenant_id","integer"
"s360","dim_exam_moet","3","gradebook_type_id","integer"
"s360","dim_exam_moet","4","gradebook_types_code","varchar"
"s360","dim_exam_moet","5","gradebook_types_fullname","varchar"
"s360","dim_exam_moet","6","gradebook_types_description","varchar"
"s360","dim_exam_moet","7","gradebook_type_items_code","varchar"
"s360","dim_exam_moet","8","gradebook_type_items_fullname","varchar"
"s360","dim_exam_moet","9","parent_id","bigint"
"s360","dim_exam_moet","10","moet_semester_index","integer"
"s360","dim_exam_moet","11","semester_stages","integer"
"s360","dim_exam_moet","12","process_type_default","integer"
"s360","dim_exam_moet","13","coefficient","decimal(10,1)"
"s360","dim_exam_moet","14","max_grade","decimal(10,1)"
"s360","dim_exam_moet","15","round_type","integer"
"s360","dim_exam_moet","16","index_order","integer"
"s360","dim_exam_moet","17","is_allow_input","integer"
"s360","dim_exam_moet","18","is_allow_mapping","integer"
"s360","dim_exam_moet","19","is_active","integer"
"s360","dim_exam_moet","20","is_category","integer"
"s360","dim_exam_moet","21","is_deleted","integer"
"s360","dim_exam_moet","22","created_by","bigint"
"s360","dim_exam_moet","23","updated_by","bigint"
"s360","dim_exam_moet","24","created_at","varchar"
"s360","dim_exam_moet","25","updated_at","varchar"
"s360","dim_exam_moet","26","gradebook_type_items_path","varchar"
"s360","dim_exam_moet","27","gradebook_type_items_id_path","varchar"
"s360","dim_exam_moet","28","source_system","varchar"
"s360","dim_extracurricular_activity","1","id","integer"
"s360","dim_extracurricular_activity","2","so_school_id","integer"
"s360","dim_extracurricular_activity","3","school_year","varchar"
"s360","dim_extracurricular_activity","4","code","varchar"
"s360","dim_extracurricular_activity","5","name","varchar"
"s360","dim_extracurricular_activity","6","category_code","varchar"
"s360","dim_extracurricular_activity","7","category_name","varchar"
"s360","dim_extracurricular_activity","8","category_name_en","varchar"
"s360","dim_extracurricular_activity","9","scope_type","integer"
"s360","dim_extracurricular_activity","10","scope_name","varchar"
"s360","dim_extracurricular_activity","11","target_type","integer"
"s360","dim_extracurricular_activity","12","target_name","varchar"
"s360","dim_extracurricular_activity","13","cost","decimal(10,1)"
"s360","dim_extracurricular_activity","14","unit_cost","varchar"
"s360","dim_extracurricular_activity","15","start_date","date"
"s360","dim_extracurricular_activity","16","end_date","date"
"s360","dim_extracurricular_activity","17","is_allow_register","integer"
"s360","dim_extracurricular_activity","18","register_open_date","timestamp(6) with time zone"
"s360","dim_extracurricular_activity","19","register_close_date","timestamp(6) with time zone"
"s360","dim_extracurricular_activity","20","number_of_user","integer"
"s360","dim_extracurricular_activity","21","number_of_registers","integer"
"s360","dim_extracurricular_activity","22","status","varchar"
"s360","dim_extracurricular_activity","23","is_duplicate_semester2","integer"
"s360","dim_extracurricular_activity","24","duplicate_semester2_id","bigint"
"s360","dim_extracurricular_activity","25","duplicate_semester2_at","timestamp(6) with time zone"
"s360","dim_extracurricular_activity","26","semester_1","integer"
"s360","dim_extracurricular_activity","27","semester_2","integer"
"s360","dim_extracurricular_activity","28","semester_all","integer"
"s360","dim_extracurricular_activity","29","code_1","varchar"
"s360","dim_extracurricular_activity","30","code_2","varchar"
"s360","dim_extracurricular_activity","31","code_all","varchar"
"s360","dim_extracurricular_activity","32","cost_all","integer"
"s360","dim_extracurricular_activity","33","cost_2","integer"
"s360","dim_extracurricular_activity","34","cost_1","integer"
"s360","dim_extracurricular_activity","35","start_date_1","date"
"s360","dim_extracurricular_activity","36","start_date_2","date"
"s360","dim_extracurricular_activity","37","start_date_all","date"
"s360","dim_extracurricular_activity","38","end_date_1","date"
"s360","dim_extracurricular_activity","39","end_date_2","date"
"s360","dim_extracurricular_activity","40","end_date_all","date"
"s360","dim_extracurricular_activity","41","status_semester_1","integer"
"s360","dim_extracurricular_activity","42","status_semester_2","integer"
"s360","dim_extracurricular_activity","43","status_semester_all","integer"
"s360","dim_extracurricular_activity","44","number_of_user_1","integer"
"s360","dim_extracurricular_activity","45","number_of_user_2","integer"
"s360","dim_extracurricular_activity","46","number_of_user_all","integer"
"s360","dim_extracurricular_activity","47","created_at","varchar"
"s360","dim_extracurricular_activity","48","updated_at","varchar"
"s360","dim_extracurricular_activity","49","source_system","varchar"
"s360","dim_homeroom_class","1","id","bigint"
"s360","dim_homeroom_class","2","so_school_id","integer"
"s360","dim_homeroom_class","3","school_year_id","integer"
"s360","dim_homeroom_class","4","grade_id","integer"
"s360","dim_homeroom_class","5","code","varchar"
"s360","dim_homeroom_class","6","fullname","varchar"
"s360","dim_homeroom_class","7","homeroom_teacher_id","bigint"
"s360","dim_homeroom_class","8","teacher_code","varchar"
"s360","dim_homeroom_class","9","class_leader_id","bigint"
"s360","dim_homeroom_class","10","parent_leader_id","bigint"
"s360","dim_homeroom_class","11","is_active","integer"
"s360","dim_homeroom_class","12","is_bilingual","integer"
"s360","dim_homeroom_class","13","is_bilingual_prep","integer"
"s360","dim_homeroom_class","14","created_at","varchar"
"s360","dim_homeroom_class","15","updated_at","varchar"
"s360","dim_homeroom_class","16","source_system","varchar"
"s360","dim_homeroom_class_student","1","id","bigint"
"s360","dim_homeroom_class_student","2","tenant_id","integer"
"s360","dim_homeroom_class_student","3","so_student_id","bigint"
"s360","dim_homeroom_class_student","4","student_code","varchar"
"s360","dim_homeroom_class_student","5","student_name","varbinary"
"s360","dim_homeroom_class_student","6","homeroom_class_id","integer"
"s360","dim_homeroom_class_student","7","class_code","varchar"
"s360","dim_homeroom_class_student","8","class_name","varchar"
"s360","dim_homeroom_class_student","9","so_school_id","integer"
"s360","dim_homeroom_class_student","10","school_year_id","integer"
"s360","dim_homeroom_class_student","11","school_name","varchar"
"s360","dim_homeroom_class_student","12","school_code","varchar"
"s360","dim_homeroom_class_student","13","teacher_code","varchar"
"s360","dim_homeroom_class_student","14","campus_name","varchar"
"s360","dim_homeroom_class_student","15","grade_id","integer"
"s360","dim_homeroom_class_student","16","grade_name","varchar"
"s360","dim_homeroom_class_student","17","moet_code","varchar"
"s360","dim_homeroom_class_student","18","join_date","date"
"s360","dim_homeroom_class_student","19","is_graduated","integer"
"s360","dim_homeroom_class_student","20","status","integer"
"s360","dim_homeroom_class_student","21","special_note","varchar"
"s360","dim_homeroom_class_student","22","is_deleted","integer"
"s360","dim_homeroom_class_student","23","is_active","integer"
"s360","dim_homeroom_class_student","24","created_at","varchar"
"s360","dim_homeroom_class_student","25","updated_at","varchar"
"s360","dim_homeroom_class_student","26","source_system","varchar"
"s360","dim_school_year","1","id","integer"
"s360","dim_school_year","2","code","varchar"
"s360","dim_school_year","3","fullname","varchar"
"s360","dim_school_year","4","start_date","date"
"s360","dim_school_year","5","end_date","date"
"s360","dim_school_year","6","calculator_type","integer"
"s360","dim_school_year","7","calculator_name","varchar"
"s360","dim_school_year","8","is_locked","integer"
"s360","dim_school_year","9","is_gradebook_locked","integer"
"s360","dim_school_year","10","is_current","integer"
"s360","dim_school_year","11","created_at","varchar"
"s360","dim_school_year","12","updated_at","varchar"
"s360","dim_school_year","13","source_system","varchar"
"s360","dim_so_assignment","1","assignment_id","bigint"
"s360","dim_so_assignment","2","so_school_id","integer"
"s360","dim_so_assignment","3","grade_id","integer"
"s360","dim_so_assignment","4","grade_code","varchar"
"s360","dim_so_assignment","5","grade_name","varchar"
"s360","dim_so_assignment","6","semester_index","integer"
"s360","dim_so_assignment","7","subject_id","integer"
"s360","dim_so_assignment","8","course_id","bigint"
"s360","dim_so_assignment","9","code","varchar"
"s360","dim_so_assignment","10","fullname","varchar"
"s360","dim_so_assignment","11","course_lesson_id","bigint"
"s360","dim_so_assignment","12","gradebook_type_item_id","integer"
"s360","dim_so_assignment","13","gradebook_type_item_name","varchar"
"s360","dim_so_assignment","14","report_type_item_id","integer"
"s360","dim_so_assignment","15","report_type_item_name","varchar"
"s360","dim_so_assignment","16","el_assignment_id","bigint"
"s360","dim_so_assignment","17","max_grade","decimal(10,0)"
"s360","dim_so_assignment","18","description","varchar"
"s360","dim_so_assignment","19","due_date","date"
"s360","dim_so_assignment","20","locked_at","timestamp(6) with time zone"
"s360","dim_so_assignment","21","is_locked","integer"
"s360","dim_so_assignment","22","is_mapping_locked","integer"
"s360","dim_so_assignment","23","type","integer"
"s360","dim_so_assignment","24","is_homework_calendar","integer"
"s360","dim_so_assignment","25","date_assigned","date"
"s360","dim_so_assignment","26","is_deleted","integer"
"s360","dim_so_assignment","27","source_system","varchar"
"s360","dim_so_evaluate_progress","1","id","bigint"
"s360","dim_so_evaluate_progress","2","tenant_id","integer"
"s360","dim_so_evaluate_progress","3","so_school_id","integer"
"s360","dim_so_evaluate_progress","4","school_name","varchar"
"s360","dim_so_evaluate_progress","5","school_code","varchar"
"s360","dim_so_evaluate_progress","6","campus_id","integer"
"s360","dim_so_evaluate_progress","7","school_year_id","integer"
"s360","dim_so_evaluate_progress","8","grade_id","integer"
"s360","dim_so_evaluate_progress","9","grade_code","varchar"
"s360","dim_so_evaluate_progress","10","grade_name","varchar"
"s360","dim_so_evaluate_progress","11","class_code","varchar"
"s360","dim_so_evaluate_progress","12","class_name","varchar"
"s360","dim_so_evaluate_progress","13","semester_index","integer"
"s360","dim_so_evaluate_progress","14","semester_stages","integer"
"s360","dim_so_evaluate_progress","15","homeroom_class_id","integer"
"s360","dim_so_evaluate_progress","16","user_id","bigint"
"s360","dim_so_evaluate_progress","17","student_code","varchar"
"s360","dim_so_evaluate_progress","18","is_attach_report_moet","integer"
"s360","dim_so_evaluate_progress","19","is_attach_report_cam","integer"
"s360","dim_so_evaluate_progress","20","file_attach_report_moet","varchar"
"s360","dim_so_evaluate_progress","21","file_attach_report_cam","varchar"
"s360","dim_so_evaluate_progress","22","final_behavior_point","integer"
"s360","dim_so_evaluate_progress","23","learning_capacity","integer"
"s360","dim_so_evaluate_progress","24","conduct_type","integer"
"s360","dim_so_evaluate_progress","25","comment","varchar"
"s360","dim_so_evaluate_progress","26","comment_21","varchar"
"s360","dim_so_evaluate_progress","27","comment_reply","varchar"
"s360","dim_so_evaluate_progress","28","comment_reply_by","bigint"
"s360","dim_so_evaluate_progress","29","homeroom_teacher_fullname","varchar"
"s360","dim_so_evaluate_progress","30","is_bilingual","integer"
"s360","dim_so_evaluate_progress","31","is_locked","integer"
"s360","dim_so_evaluate_progress","32","is_deleted","integer"
"s360","dim_so_evaluate_progress","33","created_by","bigint"
"s360","dim_so_evaluate_progress","34","created_at","timestamp(6) with time zone"
"s360","dim_so_evaluate_progress","35","updated_by","bigint"
"s360","dim_so_evaluate_progress","36","updated_at","timestamp(6) with time zone"
"s360","dim_so_evaluate_progress","37","source_system","varchar"
"s360","dim_so_school_mapping_subject","1","so_school_id","integer"
"s360","dim_so_school_mapping_subject","2","school_name","varchar"
"s360","dim_so_school_mapping_subject","3","subject_id","integer"
"s360","dim_so_school_mapping_subject","4","subject_name","varchar"
"s360","dim_so_school_mapping_subject","5","school_year_id","integer"
"s360","dim_so_school_mapping_subject","6","grade_id","integer"
"s360","dim_so_school_mapping_subject","7","homeroom_class_id","bigint"
"s360","dim_subject","1","id","integer"
"s360","dim_subject","2","code","varchar"
"s360","dim_subject","3","name","varchar"
"s360","dim_subject","4","name_en","varchar"
"s360","dim_subject","5","education_stages","integer"
"s360","dim_subject","6","subject_type","varchar"
"s360","dim_subject","7","is_credit","integer"
"s360","dim_subject","8","is_level_esl","integer"
"s360","dim_subject","9","is_cambridge_k11","integer"
"s360","dim_subject","10","is_active","integer"
"s360","dim_subject","11","is_sync_lms","integer"
"s360","dim_subject","12","created_at","varchar"
"s360","dim_subject","13","updated_at","varchar"
"s360","dim_subject","14","source_system","varchar"
"s360","fact_absent_logs","1","id","bigint"
"s360","fact_absent_logs","2","absent_period_id","bigint"
"s360","fact_absent_logs","3","so_school_id","integer"
"s360","fact_absent_logs","4","school_year_id","integer"
"s360","fact_absent_logs","5","homeroom_class_id","integer"
"s360","fact_absent_logs","6","student_code","varchar"
"s360","fact_absent_logs","7","reason","varbinary"
"s360","fact_absent_logs","8","reason_norm","varchar"
"s360","fact_absent_logs","9","reason_category","varchar"
"s360","fact_absent_logs","10","from_date","date"
"s360","fact_absent_logs","11","to_date","date"
"s360","fact_absent_logs","12","is_approved","integer"
"s360","fact_absent_logs","13","approval_status","varchar"
"s360","fact_absent_logs","14","approved_at","timestamp(6) with time zone"
"s360","fact_absent_logs","15","is_auto_approved","integer"
"s360","fact_absent_logs","16","is_full_day","integer"
"s360","fact_absent_logs","17","absent_date","date"
"s360","fact_absent_logs","18","timetable_period_code","varchar"
"s360","fact_absent_logs","19","timetable_period_name","varchar"
"s360","fact_absent_logs","20","created_at","varchar"
"s360","fact_absent_logs","21","updated_at","varchar"
"s360","fact_behavior_logs","1","id","bigint"
"s360","fact_behavior_logs","2","so_school_id","integer"
"s360","fact_behavior_logs","3","school_year_id","integer"
"s360","fact_behavior_logs","4","student_code","varchar"
"s360","fact_behavior_logs","5","behavior_id","integer"
"s360","fact_behavior_logs","6","behavior_before_id","bigint"
"s360","fact_behavior_logs","7","object_type","integer"
"s360","fact_behavior_logs","8","object_id","integer"
"s360","fact_behavior_logs","9","behavior_code","varchar"
"s360","fact_behavior_logs","10","behavior_fullname","varchar"
"s360","fact_behavior_logs","11","behavior_fullname_clean","varchar"
"s360","fact_behavior_logs","12","behavior_level","varchar"
"s360","fact_behavior_logs","13","behavior_point","varchar"
"s360","fact_behavior_logs","14","behavior_comment","varchar"
"s360","fact_behavior_logs","15","comment_date","date"
"s360","fact_behavior_logs","16","sanction_code","varchar"
"s360","fact_behavior_logs","17","sanction_name","varchar"
"s360","fact_behavior_logs","18","created_at","varchar"
"s360","fact_behavior_logs","19","updated_at","varchar"
"s360","fact_behavior_logs","20","source_system","varchar"
"s360","fact_course_attendences","1","id","bigint"
"s360","fact_course_attendences","2","so_school_id","integer"
"s360","fact_course_attendences","3","school_year_id","integer"
"s360","fact_course_attendences","4","course_id","integer"
"s360","fact_course_attendences","5","timetable_period_code","varchar"
"s360","fact_course_attendences","6","timetable_period_name","varchar"
"s360","fact_course_attendences","7","_date","date"
"s360","fact_course_attendences","8","student_code","varchar"
"s360","fact_course_attendences","9","status","integer"
"s360","fact_course_attendences","10","status_name","varchar"
"s360","fact_course_attendences","11","comment","varchar"
"s360","fact_course_attendences","12","is_push_to_app","integer"
"s360","fact_course_attendences","13","is_push_notification","integer"
"s360","fact_course_attendences","14","is_locked","integer"
"s360","fact_course_attendences","15","created_at","varchar"
"s360","fact_course_attendences","16","updated_at","varchar"
"s360","fact_course_attendences","17","source_system","varchar"
"s360","fact_course_enrolls","1","id","bigint"
"s360","fact_course_enrolls","2","student_code","varchar"
"s360","fact_course_enrolls","3","course_id","bigint"
"s360","fact_course_enrolls","4","is_moved_out","integer"
"s360","fact_course_enrolls","5","moved_out_at","timestamp(6) with time zone"
"s360","fact_course_enrolls","6","is_student","integer"
"s360","fact_course_enrolls","7","is_teaching_assistant","integer"
"s360","fact_course_enrolls","8","created_at","varchar"
"s360","fact_course_enrolls","9","updated_at","varchar"
"s360","fact_extracurricular_activity_payments","1","id","bigint"
"s360","fact_extracurricular_activity_payments","2","so_school_id","integer"
"s360","fact_extracurricular_activity_payments","3","school_year_id","integer"
"s360","fact_extracurricular_activity_payments","4","homeroom_class","varchar"
"s360","fact_extracurricular_activity_payments","5","student_id","integer"
"s360","fact_extracurricular_activity_payments","6","student_code","varchar"
"s360","fact_extracurricular_activity_payments","7","vinclub_membership_rank","varchar"
"s360","fact_extracurricular_activity_payments","8","vinclub_discount_percent","double"
"s360","fact_extracurricular_activity_payments","9","original_price","integer"
"s360","fact_extracurricular_activity_payments","10","discount_price","integer"
"s360","fact_extracurricular_activity_payments","11","final_price","integer"
"s360","fact_extracurricular_activity_payments","12","price","integer"
"s360","fact_extracurricular_activity_payments","13","status","integer"
"s360","fact_extracurricular_activity_payments","14","created_at","varchar"
"s360","fact_extracurricular_activity_payments","15","updated_at","varchar"
"s360","fact_extracurricular_activity_payments","16","source_system","varchar"
"s360","fact_extracurricular_activity_registers","1","id","bigint"
"s360","fact_extracurricular_activity_registers","2","so_school_id","integer"
"s360","fact_extracurricular_activity_registers","3","school_year_id","integer"
"s360","fact_extracurricular_activity_registers","4","student_id","bigint"
"s360","fact_extracurricular_activity_registers","5","student_code","varchar"
"s360","fact_extracurricular_activity_registers","6","extracurricular_activity_id","bigint"
"s360","fact_extracurricular_activity_registers","7","object_type","integer"
"s360","fact_extracurricular_activity_registers","8","object_id","varchar"
"s360","fact_extracurricular_activity_registers","9","status","integer"
"s360","fact_extracurricular_activity_registers","10","status_description","varchar"
"s360","fact_extracurricular_activity_registers","11","cost","integer"
"s360","fact_extracurricular_activity_registers","12","paid_price","integer"
"s360","fact_extracurricular_activity_registers","13","note","varchar"
"s360","fact_extracurricular_activity_registers","14","is_upgrade_to_register","integer"
"s360","fact_extracurricular_activity_registers","15","is_refund","integer"
"s360","fact_extracurricular_activity_registers","16","change_status_at","timestamp(6) with time zone"
"s360","fact_extracurricular_activity_registers","17","created_at","varchar"
"s360","fact_extracurricular_activity_registers","18","updated_at","varchar"
"s360","fact_extracurricular_activity_registers","19","source_system","varchar"
"s360","fact_gradebooks","1","id","bigint"
"s360","fact_gradebooks","2","so_school_id","integer"
"s360","fact_gradebooks","3","school_year_id","integer"
"s360","fact_gradebooks","4","semester_index","integer"
"s360","fact_gradebooks","5","semester_stages","integer"
"s360","fact_gradebooks","6","student_code","varchar"
"s360","fact_gradebooks","7","homeroom_class","varchar"
"s360","fact_gradebooks","8","homeroom_teacher_id","bigint"
"s360","fact_gradebooks","9","subject_id","integer"
"s360","fact_gradebooks","10","course_id","bigint"
"s360","fact_gradebooks","11","homeroom_class_id","integer"
"s360","fact_gradebooks","12","so_exam_id","bigint"
"s360","fact_gradebooks","13","final_grade","decimal(10,2)"
"s360","fact_gradebooks","14","final_grade_convert","varchar"
"s360","fact_gradebooks","15","max_grade","decimal(10,1)"
"s360","fact_gradebooks","16","is_grade_letter","integer"
"s360","fact_gradebooks","17","is_locked","integer"
"s360","fact_gradebooks","18","is_move_in_grade","integer"
"s360","fact_gradebooks","19","is_semester_locked","integer"
"s360","fact_gradebooks","20","is_input_grade","integer"
"s360","fact_gradebooks","21","is_input_after_summer","integer"
"s360","fact_gradebooks","22","grade_id","integer"
"s360","fact_gradebooks","23","created_at","varchar"
"s360","fact_gradebooks","24","updated_at","varchar"
"s360","fact_gradebooks","25","source_system","varchar"
"s360","fact_gradebooks_moet","1","id","bigint"
"s360","fact_gradebooks_moet","2","tenant_id","integer"
"s360","fact_gradebooks_moet","3","so_school_id","integer"
"s360","fact_gradebooks_moet","4","school_code","varchar"
"s360","fact_gradebooks_moet","5","school_name","varchar"
"s360","fact_gradebooks_moet","6","campus_id","integer"
"s360","fact_gradebooks_moet","7","grade_id","integer"
"s360","fact_gradebooks_moet","8","grade_code","varchar"
"s360","fact_gradebooks_moet","9","grade_name","varchar"
"s360","fact_gradebooks_moet","10","subject_id","integer"
"s360","fact_gradebooks_moet","11","school_year_id","integer"
"s360","fact_gradebooks_moet","12","semester_index","integer"
"s360","fact_gradebooks_moet","13","semester_stages","integer"
"s360","fact_gradebooks_moet","14","so_user_id","bigint"
"s360","fact_gradebooks_moet","15","student_code","varchar"
"s360","fact_gradebooks_moet","16","course_id","bigint"
"s360","fact_gradebooks_moet","17","homeroom_class_id","integer"
"s360","fact_gradebooks_moet","18","gradebook_type_item_id","bigint"
"s360","fact_gradebooks_moet","19","final_grade","decimal(10,1)"
"s360","fact_gradebooks_moet","20","comment","varchar"
"s360","fact_gradebooks_moet","21","is_semester_locked","integer"
"s360","fact_gradebooks_moet","22","is_grade_letter","integer"
"s360","fact_gradebooks_moet","23","is_move_in_grade","integer"
"s360","fact_gradebooks_moet","24","is_input_grade","integer"
"s360","fact_gradebooks_moet","25","is_input_after_summer","integer"
"s360","fact_gradebooks_moet","26","is_locked","integer"
"s360","fact_gradebooks_moet","27","is_deleted","integer"
"s360","fact_gradebooks_moet","28","created_by","bigint"
"s360","fact_gradebooks_moet","29","updated_by","bigint"
"s360","fact_gradebooks_moet","30","created_at","varchar"
"s360","fact_gradebooks_moet","31","updated_at","varchar"
"s360","fact_gradebooks_moet","32","source_system","varchar"
"s360","fact_overall_academic_records","1","id","bigint"
"s360","fact_overall_academic_records","2","so_school_id","integer"
"s360","fact_overall_academic_records","3","school_year_id","bigint"
"s360","fact_overall_academic_records","4","grade_id","bigint"
"s360","fact_overall_academic_records","5","homeroom_class_id","bigint"
"s360","fact_overall_academic_records","6","student_id","bigint"
"s360","fact_overall_academic_records","7","student_code","varchar"
"s360","fact_overall_academic_records","8","join_date","date"
"s360","fact_overall_academic_records","9","final_grade","decimal(10,1)"
"s360","fact_overall_academic_records","10","s1_final_grade","decimal(10,1)"
"s360","fact_overall_academic_records","11","s2_final_grade","decimal(10,1)"
"s360","fact_overall_academic_records","12","final_grade_after_summer","decimal(10,1)"
"s360","fact_overall_academic_records","13","conduct","varchar"
"s360","fact_overall_academic_records","14","s1_conduct","varchar"
"s360","fact_overall_academic_records","15","s2_conduct","varchar"
"s360","fact_overall_academic_records","16","conduct_after_summer","varchar"
"s360","fact_overall_academic_records","17","learning_capacity","varchar"
"s360","fact_overall_academic_records","18","s1_learning_capacity","varchar"
"s360","fact_overall_academic_records","19","s2_learning_capacity","varchar"
"s360","fact_overall_academic_records","20","learning_capacity_after_summer","varchar"
"s360","fact_overall_academic_records","21","final_behavior_point","integer"
"s360","fact_overall_academic_records","22","s1_final_behavior_point","integer"
"s360","fact_overall_academic_records","23","s2_final_behavior_point","integer"
"s360","fact_overall_academic_records","24","day_of_absent","integer"
"s360","fact_overall_academic_records","25","s1_day_of_absent","integer"
"s360","fact_overall_academic_records","26","s2_day_of_absent","integer"
"s360","fact_overall_academic_records","27","homeroom_teacher_comment","varchar"
"s360","fact_overall_academic_records","28","s1_homeroom_teacher_comment","varchar"
"s360","fact_overall_academic_records","29","s2_homeroom_teacher_comment","varchar"
"s360","fact_overall_academic_records","30","comment_after_summer","varchar"
"s360","fact_overall_academic_records","31","principal_comment","varchar"
"s360","fact_overall_academic_records","32","change_final_conduct_s1","integer"
"s360","fact_overall_academic_records","33","change_final_conduct_s1_by","bigint"
"s360","fact_overall_academic_records","34","change_final_conduct_s1_at","timestamp(6) with time zone"
"s360","fact_overall_academic_records","35","change_final_conduct_s1_reason","varchar"
"s360","fact_overall_academic_records","36","change_final_conduct_s2","integer"
"s360","fact_overall_academic_records","37","change_final_conduct_s2_by","bigint"
"s360","fact_overall_academic_records","38","change_final_conduct_s2_at","timestamp(6) with time zone"
"s360","fact_overall_academic_records","39","change_final_conduct_s2_reason","varchar"
"s360","fact_overall_academic_records","40","change_final_conduct","integer"
"s360","fact_overall_academic_records","41","change_final_conduct_by","bigint"
"s360","fact_overall_academic_records","42","change_final_conduct_at","timestamp(6) with time zone"
"s360","fact_overall_academic_records","43","change_final_conduct_reason","varchar"
"s360","fact_overall_academic_records","44","homeroom_teacher_fullname","varchar"
"s360","fact_overall_academic_records","45","is_homeroom_teacher_approved","integer"
"s360","fact_overall_academic_records","46","homeroom_teacher_approved_at","timestamp(6) with time zone"
"s360","fact_overall_academic_records","47","is_principal_approved","integer"
"s360","fact_overall_academic_records","48","principal_approved_at","timestamp(6) with time zone"
"s360","fact_overall_academic_records","49","vocational_certificate","varchar"
"s360","fact_overall_academic_records","50","vocational_certificate_type","varchar"
"s360","fact_overall_academic_records","51","reward","varchar"
"s360","fact_overall_academic_records","52","special_reward","varchar"
"s360","fact_overall_academic_records","53","status","integer"
"s360","fact_overall_academic_records","54","is_locked","integer"
"s360","fact_overall_academic_records","55","is_s1_locked","integer"
"s360","fact_overall_academic_records","56","is_s2_locked","integer"
"s360","fact_overall_academic_records","57","is_after_summer","integer"
"s360","fact_overall_academic_records","58","is_passed_no_conditional","integer"
"s360","fact_overall_academic_records","59","is_graduated","integer"
"s360","fact_overall_academic_records","60","title","varchar"
"s360","fact_overall_academic_records","61","s1_title","varchar"
"s360","fact_overall_academic_records","62","s2_title","varchar"
"s360","fact_overall_academic_records","63","created_at","varchar"
"s360","fact_overall_academic_records","64","updated_at","varchar"
"s360","fact_so_absent_extract_late","1","student_code","varchar"
"s360","fact_so_absent_extract_late","2","school_year_id","integer"
"s360","fact_so_absent_extract_late","3","so_school_id","integer"
"s360","fact_so_absent_extract_late","4","homeroom_class_id","integer"
"s360","fact_so_absent_extract_late","5","absent_date","date"
"s360","fact_so_absent_extract_late","6","original_reason_category","varchar"
"s360","fact_so_absent_extract_late","7","reason_norm","varchar"
"s360","fact_so_absent_extract_late","8","reason","varchar"
"s360","fact_so_absent_extract_late","9","school_year","varchar"
"s360","fact_so_absent_extract_late","10","school_year_start_date","date"
"s360","fact_so_absent_extract_late","11","school_year_end_date","date"
"s360","fact_so_absent_extract_late","12","reason_category","varchar"
"s360","fact_so_absent_extract_late","13","school_code","varchar"
"s360","fact_so_absent_extract_late","14","class_code","varchar"
"s360","fact_so_absent_extract_late","15","class_name","varchar"
"s360","fact_so_absent_extract_late","16","school_name","varchar"
"s360","fact_so_absent_extract_late","17","grade_id","integer"
"s360","fact_so_absent_extract_late","18","grade_name","varchar"
"s360","fact_so_absent_extract_late","19","week_start","date"
"s360","fact_so_absent_extract_late","20","month_start","date"
"s360","fact_so_assignment_grade","1","id","bigint"
"s360","fact_so_assignment_grade","2","tenant_id","bigint"
"s360","fact_so_assignment_grade","3","school_id","bigint"
"s360","fact_so_assignment_grade","4","assignment_id","bigint"
"s360","fact_so_assignment_grade","5","is_sync_from_exam","integer"
"s360","fact_so_assignment_grade","6","user_id","bigint"
"s360","fact_so_assignment_grade","7","student_code","varchar"
"s360","fact_so_assignment_grade","8","final_grade","decimal(10,1)"
"s360","fact_so_assignment_grade","9","comment","varchar"
"s360","fact_so_assignment_grade","10","is_locked","integer"
"s360","fact_so_assignment_grade","11","is_push_notification","integer"
"s360","fact_so_assignment_grade","12","is_deleted","integer"
"s360","fact_so_assignment_grade","13","created_by","bigint"
"s360","fact_so_assignment_grade","14","updated_by","bigint"
"s360","fact_so_assignment_grade","15","created_at","varchar"
"s360","fact_so_assignment_grade","16","updated_at","varchar"
"s360","fact_so_assignment_grade","17","source_system","varchar"
"s360","fact_so_class_attendance_statistics","1","id","bigint"
"s360","fact_so_class_attendance_statistics","2","so_user_id","bigint"
"s360","fact_so_class_attendance_statistics","3","student_code","varchar"
"s360","fact_so_class_attendance_statistics","4","date","date"
"s360","fact_so_class_attendance_statistics","5","status","integer"
"s360","fact_so_class_attendance_statistics","6","total_lesson","integer"
"s360","fact_so_class_attendance_statistics","7","lesson_attend","integer"
"s360","fact_so_class_attendance_statistics","8","lesson_not_attend","integer"
"s360","fact_so_class_attendance_statistics","9","tenant_id","integer"
"s360","fact_so_class_attendance_statistics","10","so_school_id","integer"
"s360","fact_so_class_attendance_statistics","11","school_year_id","integer"
"s360","fact_so_class_attendance_statistics","12","campus_id","integer"
"s360","fact_so_class_attendance_statistics","13","grade_id","integer"
"s360","fact_so_class_attendance_statistics","14","homeroom_class_id","integer"
"s360","fact_so_class_attendance_statistics","15","created_at","varchar"
"s360","fact_so_class_attendance_statistics","16","updated_at","varchar"
"s360","fact_so_class_attendance_statistics","17","source_system","varchar"
"s360","fact_so_daily_attendance","1","_date","date"
"s360","fact_so_daily_attendance","2","week_start","date"
"s360","fact_so_daily_attendance","3","month_start","date"
"s360","fact_so_daily_attendance","4","school_year_id","integer"
"s360","fact_so_daily_attendance","5","school_id","integer"
"s360","fact_so_daily_attendance","6","school_year","varchar"
"s360","fact_so_daily_attendance","7","school_year_start_date","date"
"s360","fact_so_daily_attendance","8","school_year_end_date","date"
"s360","fact_so_daily_attendance","9","student_code","varchar"
"s360","fact_so_daily_attendance","10","course_id","integer"
"s360","fact_so_daily_attendance","11","subject_id","integer"
"s360","fact_so_daily_attendance","12","school_code","varchar"
"s360","fact_so_daily_attendance","13","homeroom_class_id","integer"
"s360","fact_so_daily_attendance","14","class_code","varchar"
"s360","fact_so_daily_attendance","15","class_name","varchar"
"s360","fact_so_daily_attendance","16","grade_id","integer"
"s360","fact_so_daily_attendance","17","grade_name","varchar"
"s360","fact_so_daily_attendance","18","total_periods","bigint"
"s360","fact_so_daily_attendance","19","absent_periods","bigint"
"s360","fact_so_daily_attendance","20","absent_no_permission","bigint"
"s360","fact_so_daily_attendance","21","absent_with_permission","bigint"
"s360","fact_so_daily_attendance","22","any_absence_flag","integer"
"s360","fact_so_daily_attendance","23","full_subject_absence_flag","integer"
"s360","fact_so_daily_attendance","24","first_created_at","varchar"
"s360","fact_so_daily_attendance","25","last_updated_at","varchar"
"s360","fact_so_evaluate_process_subject_criterion","1","report_type_item_id","integer"
"s360","fact_so_evaluate_process_subject_criterion","2","criterion_evaluate_id","integer"
"s360","fact_so_evaluate_process_subject_criterion","3","id","bigint"
"s360","fact_so_evaluate_process_subject_criterion","4","evaluate_progress_subject_id","bigint"
"s360","fact_so_evaluate_process_subject_criterion","5","evaluate_progress_id","bigint"
"s360","fact_so_evaluate_process_subject_criterion","6","so_school_id","integer"
"s360","fact_so_evaluate_process_subject_criterion","7","grade_id","integer"
"s360","fact_so_evaluate_process_subject_criterion","8","homeroom_class_id","integer"
"s360","fact_so_evaluate_process_subject_criterion","9","subject_id","integer"
"s360","fact_so_evaluate_process_subject_criterion","10","course_id","bigint"
"s360","fact_so_evaluate_process_subject_criterion","11","user_id","bigint"
"s360","fact_so_evaluate_process_subject_criterion","12","student_code","varchar"
"s360","fact_so_evaluate_process_subject_criterion","13","school_year_id","integer"
"s360","fact_so_evaluate_process_subject_criterion","14","semester_index","integer"
"s360","fact_so_evaluate_process_subject_criterion","15","semester_stages","integer"
"s360","fact_so_evaluate_process_subject_criterion","16","final_grade","varchar"
"s360","fact_so_evaluate_process_subject_criterion","17","final_grade_level","varchar"
"s360","fact_so_evaluate_process_subject_criterion","18","criterion_code","varchar"
"s360","fact_so_evaluate_process_subject_criterion","19","criterion_name","varchar"
"s360","fact_so_evaluate_process_subject_criterion","20","source_system","varchar"
"s360","fact_so_evaluate_process_subjects","1","id","bigint"
"s360","fact_so_evaluate_process_subjects","2","evaluate_progress_id","bigint"
"s360","fact_so_evaluate_process_subjects","3","subject_id","integer"
"s360","fact_so_evaluate_process_subjects","4","course_id","bigint"
"s360","fact_so_evaluate_process_subjects","5","final_grade_level","varchar"
"s360","fact_so_evaluate_process_subjects","6","end_of_year_final_grade_level","varchar"
"s360","fact_so_evaluate_process_subjects","7","student_level","varchar"
"s360","fact_so_evaluate_process_subjects","8","student_level_expected","varchar"
"s360","fact_so_evaluate_process_subjects","9","comment","varchar"
"s360","fact_so_evaluate_process_subjects","10","comment_next_term","varchar"
"s360","fact_so_evaluate_process_subjects","11","comment2","varchar"
"s360","fact_so_evaluate_process_subjects","12","comment3","varchar"
"s360","fact_so_evaluate_process_subjects","13","general_comment","varchar"
"s360","fact_so_evaluate_process_subjects","14","action_for_improvement_student","varchar"
"s360","fact_so_evaluate_process_subjects","15","action_for_improvement_teacher","varchar"
"s360","fact_so_evaluate_process_subjects","16","reward","varchar"
"s360","fact_so_evaluate_process_subjects","17","teacher_fullname","varchar"
"s360","fact_so_evaluate_process_subjects","18","teacher2_fullname","varchar"
"s360","fact_so_evaluate_process_subjects","19","is_approved","integer"
"s360","fact_so_evaluate_process_subjects","20","approved_by","bigint"
"s360","fact_so_evaluate_process_subjects","21","approved_at","timestamp(6) with time zone"
"s360","fact_so_evaluate_process_subjects","22","is_changed_final_grade_level","integer"
"s360","fact_so_evaluate_process_subjects","23","is_locked","integer"
"s360","fact_so_evaluate_process_subjects","24","so_school_id","integer"
"s360","fact_so_evaluate_process_subjects","25","grade_id","integer"
"s360","fact_so_evaluate_process_subjects","26","homeroom_class_id","integer"
"s360","fact_so_evaluate_process_subjects","27","user_id","bigint"
"s360","fact_so_evaluate_process_subjects","28","student_code","varchar"
"s360","fact_so_evaluate_process_subjects","29","school_year_id","integer"
"s360","fact_so_evaluate_process_subjects","30","semester_index","integer"
"s360","fact_so_evaluate_process_subjects","31","semester_stages","integer"
"s360","fact_so_evaluate_process_subjects","32","source_system","varchar"
"s360","fact_so_homeroom_class_attendances","1","id","bigint"
"s360","fact_so_homeroom_class_attendances","2","tenant_id","integer"
"s360","fact_so_homeroom_class_attendances","3","so_school_id","integer"
"s360","fact_so_homeroom_class_attendances","4","campus_id","integer"
"s360","fact_so_homeroom_class_attendances","5","school_year_id","integer"
"s360","fact_so_homeroom_class_attendances","6","homeroom_class_id","integer"
"s360","fact_so_homeroom_class_attendances","7","attendance_date","date"
"s360","fact_so_homeroom_class_attendances","8","so_user_id","bigint"
"s360","fact_so_homeroom_class_attendances","9","student_code","varchar"
"s360","fact_so_homeroom_class_attendances","10","status","integer"
"s360","fact_so_homeroom_class_attendances","11","comment","varchar"
"s360","fact_so_homeroom_class_attendances","12","comment_meal","varchar"
"s360","fact_so_homeroom_class_attendances","13","is_push_to_app","integer"
"s360","fact_so_homeroom_class_attendances","14","is_push_notification","integer"
"s360","fact_so_homeroom_class_attendances","15","is_locked","integer"
"s360","fact_so_homeroom_class_attendances","16","last_attendance_update_at","timestamp(6) with time zone"
"s360","fact_so_homeroom_class_attendances","17","is_deleted","integer"
"s360","fact_so_homeroom_class_attendances","18","created_by","bigint"
"s360","fact_so_homeroom_class_attendances","19","updated_by","bigint"
"s360","fact_so_homeroom_class_attendances","20","created_at","varchar"
"s360","fact_so_homeroom_class_attendances","21","updated_at","varchar"
"s360","fact_so_homeroom_class_attendances","22","source_system","varchar"
"s360","fact_so_homeroom_class_late_attendances","1","id","bigint"
"s360","fact_so_homeroom_class_late_attendances","2","tenant_id","integer"
"s360","fact_so_homeroom_class_late_attendances","3","campus_id","integer"
"s360","fact_so_homeroom_class_late_attendances","4","so_school_name","varchar"
"s360","fact_so_homeroom_class_late_attendances","5","so_school_id","integer"
"s360","fact_so_homeroom_class_late_attendances","6","school_year_id","integer"
"s360","fact_so_homeroom_class_late_attendances","7","grade_id","integer"
"s360","fact_so_homeroom_class_late_attendances","8","homeroom_class_id","integer"
"s360","fact_so_homeroom_class_late_attendances","9","homeroom_class_name","varchar"
"s360","fact_so_homeroom_class_late_attendances","10","attendance_date","date"
"s360","fact_so_homeroom_class_late_attendances","11","so_user_id","integer"
"s360","fact_so_homeroom_class_late_attendances","12","student_code","varchar"
"s360","fact_so_homeroom_class_late_attendances","13","user_name","varchar"
"s360","fact_so_homeroom_class_late_attendances","14","user_fullname","varbinary"
"s360","fact_so_homeroom_class_late_attendances","15","user_mail","varbinary"
"s360","fact_so_homeroom_class_late_attendances","16","attendance_time","timestamp(6) with time zone"
"s360","fact_so_homeroom_class_late_attendances","17","is_late","integer"
"s360","fact_so_homeroom_class_late_attendances","18","status_name","varchar"
"s360","fact_so_homeroom_class_late_attendances","19","ignore_late","integer"
"s360","fact_so_homeroom_class_late_attendances","20","reason_ignore","varchar"
"s360","fact_so_homeroom_class_late_attendances","21","image_path","varchar"
"s360","fact_so_homeroom_class_late_attendances","22","time_late","integer"
"s360","fact_so_homeroom_class_late_attendances","23","process_status","bigint"
"s360","fact_so_homeroom_class_late_attendances","24","is_deleted","integer"
"s360","fact_so_homeroom_class_late_attendances","25","created_by","bigint"
"s360","fact_so_homeroom_class_late_attendances","26","updated_by","bigint"
"s360","fact_so_homeroom_class_late_attendances","27","created_at","varchar"
"s360","fact_so_homeroom_class_late_attendances","28","updated_at","varchar"
"s360","fact_so_homeroom_class_late_attendances","29","source_system","varchar"
"s360","fact_so_subject_mastery","1","so_school_id","bigint"
"s360","fact_so_subject_mastery","2","so_school_year_id","bigint"
"s360","fact_so_subject_mastery","3","semester_index","integer"
"s360","fact_so_subject_mastery","4","semester_stages","integer"
"s360","fact_so_subject_mastery","5","grade_id","bigint"
"s360","fact_so_subject_mastery","6","homeroom_class_name","varchar"
"s360","fact_so_subject_mastery","7","homeroom_class_id","bigint"
"s360","fact_so_subject_mastery","8","subject_id","integer"
"s360","fact_so_subject_mastery","9","student_code","varchar"
"s360","fact_so_subject_mastery","10","score_type","varchar"
"s360","fact_so_subject_mastery","11","final_grade","double"
"s360","fact_so_subject_mastery","12","final_grade_level","varchar"
"s360","fact_so_subject_mastery","13","percent_target_min","double"
"s360","fact_so_subject_mastery","14","percent_target_max","double"
"s360","fact_so_subject_mastery","15","percent_target_normal","double"
"s360","fact_so_subject_mastery","16","percent_target_exceed","double"
"s360","fact_subject_academic_records","1","id","bigint"
"s360","fact_subject_academic_records","2","overall_record_id","bigint"
"s360","fact_subject_academic_records","3","subject_id","bigint"
"s360","fact_subject_academic_records","4","final_grade","decimal(10,1)"
"s360","fact_subject_academic_records","5","s1_final_grade","decimal(10,1)"
"s360","fact_subject_academic_records","6","s2_final_grade","decimal(10,1)"
"s360","fact_subject_academic_records","7","final_grade_after_summer","decimal(10,1)"
"s360","fact_subject_academic_records","8","is_teacher_approved","integer"
"s360","fact_subject_academic_records","9","is_after_summer","integer"
"s360","fact_subject_academic_records","10","is_input_final_grade_s1","integer"
"s360","fact_subject_academic_records","11","is_input_final_grade_s2","integer"
"s360","fact_subject_academic_records","12","is_input_final_grade_cn","integer"
"s360","fact_subject_academic_records","13","is_locked","integer"
"s360","fact_subject_academic_records","14","is_deleted","integer"
"s360","fact_subject_academic_records","15","created_at","varchar"
"s360","fact_subject_academic_records","16","updated_at","varchar"
"s360","link_register_payment","1","id","bigint"
"s360","link_register_payment","2","payment_id","integer"
"s360","link_register_payment","3","register_id","integer"
"s360","link_register_payment","4","created_at","varchar"
"s360","link_register_payment","5","updated_at","varchar"
"t360","dim_t360_homeroom_class_teacher","1","id","bigint"
"t360","dim_t360_homeroom_class_teacher","2","tenant_id","bigint"
"t360","dim_t360_homeroom_class_teacher","3","homeroom_teacher_id","decimal(20,0)"
"t360","dim_t360_homeroom_class_teacher","4","teacher_code","varchar"
"t360","dim_t360_homeroom_class_teacher","5","teacher_name","varbinary"
"t360","dim_t360_homeroom_class_teacher","6","homeroom_class_id","bigint"
"t360","dim_t360_homeroom_class_teacher","7","class_code","varchar"
"t360","dim_t360_homeroom_class_teacher","8","class_name","varchar"
"t360","dim_t360_homeroom_class_teacher","9","so_school_id","integer"
"t360","dim_t360_homeroom_class_teacher","10","school_name","varchar"
"t360","dim_t360_homeroom_class_teacher","11","school_code","varchar"
"t360","dim_t360_homeroom_class_teacher","12","so_campus_name","varchar"
"t360","dim_t360_homeroom_class_teacher","13","school_year_id","integer"
"t360","dim_t360_homeroom_class_teacher","14","school_year_code","varchar"
"t360","dim_t360_homeroom_class_teacher","15","grade_name","varchar"
"t360","dim_t360_homeroom_class_teacher","16","is_moved_out","integer"
"t360","dim_t360_homeroom_class_teacher","17","teacher_type","varchar"
"t360","dim_t360_homeroom_class_teacher","18","is_deleted","integer"
"t360","dim_t360_homeroom_class_teacher","19","created_at","timestamp(6) with time zone"
"t360","dim_t360_homeroom_class_teacher","20","updated_at","timestamp(6) with time zone"
